insert into Customers (Customer_id, First_name, Last_name, Faculty, Limit) values (1, 'Germain', 'Frany', 'Canteen Staff', 3);
insert into Customers (Customer_id, First_name, Last_name, Faculty, Limit) values (2, 'Marylinda', 'McKirdy', 'Canteen Staff', 6);
insert into Customers (Customer_id, First_name, Last_name, Faculty, Limit) values (3, 'Lilyan', 'Congreave', 'Canteen Staff', 3);
insert into Customers (Customer_id, First_name, Last_name, Faculty, Limit) values (4, 'Wandie', 'Huyche', 'Janitor', 16);
insert into Customers (Customer_id, First_name, Last_name, Faculty, Limit) values (5, 'Eada', 'Blagburn', 'Student', 5);
insert into Customers (Customer_id, First_name, Last_name, Faculty, Limit) values (6, 'Lewie', 'Panswick', 'Canteen Staff', 2);
insert into Customers (Customer_id, First_name, Last_name, Faculty, Limit) values (7, 'Charleen', 'Smouten', 'Janitor', 5);
insert into Customers (Customer_id, First_name, Last_name, Faculty, Limit) values (8, 'Cherianne', 'Corck', 'Teacher', 20);
insert into Customers (Customer_id, First_name, Last_name, Faculty, Limit) values (9, 'Nicolette', 'Forge', 'Teacher', 15);
insert into Customers (Customer_id, First_name, Last_name, Faculty, Limit) values (10, 'Jemimah', 'Gerrett', 'Janitor', 7);
insert into Customers (Customer_id, First_name, Last_name, Faculty, Limit) values (11, 'Tarah', 'Morpeth', 'Student', 2);
insert into Customers (Customer_id, First_name, Last_name, Faculty, Limit) values (12, 'Crawford', 'McAdam', 'Teacher', 14);
insert into Customers (Customer_id, First_name, Last_name, Faculty, Limit) values (13, 'Christine', 'Mettricke', 'Student', 9);
insert into Customers (Customer_id, First_name, Last_name, Faculty, Limit) values (14, 'Nyssa', 'Alder', 'Teacher', 9);
insert into Customers (Customer_id, First_name, Last_name, Faculty, Limit) values (15, 'Stanford', 'Cordes', 'Canteen Staff', 20);
insert into Customers (Customer_id, First_name, Last_name, Faculty, Limit) values (16, 'Lucky', 'Willox', 'Canteen Staff', 4);
insert into Customers (Customer_id, First_name, Last_name, Faculty, Limit) values (17, 'Sarena', 'MacCarrane', 'Janitor', 19);
insert into Customers (Customer_id, First_name, Last_name, Faculty, Limit) values (18, 'Legra', 'Billie', 'Canteen Staff', 10);
insert into Customers (Customer_id, First_name, Last_name, Faculty, Limit) values (19, 'Denny', 'Stampfer', 'Student', 5);
insert into Customers (Customer_id, First_name, Last_name, Faculty, Limit) values (20, 'Araldo', 'Ryles', 'Janitor', 7);
insert into Customers (Customer_id, First_name, Last_name, Faculty, Limit) values (21, 'Effie', 'Lepoidevin', 'Janitor', 12);
insert into Customers (Customer_id, First_name, Last_name, Faculty, Limit) values (22, 'Trumaine', 'Bickardike', 'Teacher', 15);
insert into Customers (Customer_id, First_name, Last_name, Faculty, Limit) values (23, 'Rodolphe', 'Cahalin', 'Janitor', 15);
insert into Customers (Customer_id, First_name, Last_name, Faculty, Limit) values (24, 'Maurizio', 'Crutch', 'Janitor', 3);
insert into Customers (Customer_id, First_name, Last_name, Faculty, Limit) values (25, 'Artemus', 'O''Hartagan', 'Teacher', 5);
insert into Customers (Customer_id, First_name, Last_name, Faculty, Limit) values (26, 'Noby', 'Esselin', 'Janitor', 15);
insert into Customers (Customer_id, First_name, Last_name, Faculty, Limit) values (27, 'Ruddy', 'Treneman', 'Teacher', 14);
insert into Customers (Customer_id, First_name, Last_name, Faculty, Limit) values (28, 'Ashly', 'Hagland', 'Teacher', 8);
insert into Customers (Customer_id, First_name, Last_name, Faculty, Limit) values (29, 'Lisha', 'Denis', 'Teacher', 17);
insert into Customers (Customer_id, First_name, Last_name, Faculty, Limit) values (30, 'Tamas', 'Gallety', 'Teacher', 5);
insert into Customers (Customer_id, First_name, Last_name, Faculty, Limit) values (31, 'Hy', 'Shear', 'Janitor', 17);
insert into Customers (Customer_id, First_name, Last_name, Faculty, Limit) values (32, 'Moria', 'Mogridge', 'Student', 11);
insert into Customers (Customer_id, First_name, Last_name, Faculty, Limit) values (33, 'Eadmund', 'Spoole', 'Canteen Staff', 10);
insert into Customers (Customer_id, First_name, Last_name, Faculty, Limit) values (34, 'Martainn', 'Mellor', 'Student', 11);
insert into Customers (Customer_id, First_name, Last_name, Faculty, Limit) values (35, 'Jamey', 'Darrow', 'Janitor', 5);
insert into Customers (Customer_id, First_name, Last_name, Faculty, Limit) values (36, 'Marylynne', 'Cassella', 'Janitor', 10);
insert into Customers (Customer_id, First_name, Last_name, Faculty, Limit) values (37, 'Barby', 'Danaher', 'Canteen Staff', 19);
insert into Customers (Customer_id, First_name, Last_name, Faculty, Limit) values (38, 'Renard', 'Goodbanne', 'Janitor', 16);
insert into Customers (Customer_id, First_name, Last_name, Faculty, Limit) values (39, 'Carmel', 'McRill', 'Teacher', 3);
insert into Customers (Customer_id, First_name, Last_name, Faculty, Limit) values (40, 'Charleen', 'Emblem', 'Janitor', 6);
insert into Customers (Customer_id, First_name, Last_name, Faculty, Limit) values (41, 'Gipsy', 'Paunsford', 'Teacher', 11);
insert into Customers (Customer_id, First_name, Last_name, Faculty, Limit) values (42, 'Lewie', 'Tenman', 'Janitor', 12);
insert into Customers (Customer_id, First_name, Last_name, Faculty, Limit) values (43, 'Stavros', 'Strutley', 'Teacher', 12);
insert into Customers (Customer_id, First_name, Last_name, Faculty, Limit) values (44, 'Kennie', 'Menendes', 'Student', 20);
insert into Customers (Customer_id, First_name, Last_name, Faculty, Limit) values (45, 'Kimbell', 'Regus', 'Student', 19);
insert into Customers (Customer_id, First_name, Last_name, Faculty, Limit) values (46, 'Celene', 'Bramhall', 'Student', 2);
insert into Customers (Customer_id, First_name, Last_name, Faculty, Limit) values (47, 'Bethina', 'Kinch', 'Janitor', 10);
insert into Customers (Customer_id, First_name, Last_name, Faculty, Limit) values (48, 'Brittani', 'Lowes', 'Janitor', 5);
insert into Customers (Customer_id, First_name, Last_name, Faculty, Limit) values (49, 'Tarrah', 'Redwing', 'Janitor', 16);
insert into Customers (Customer_id, First_name, Last_name, Faculty, Limit) values (50, 'Marie', 'Ashleigh', 'Teacher', 9);
insert into Customers (Customer_id, First_name, Last_name, Faculty, Limit) values (51, 'Hayward', 'Huncoot', 'Student', 1);
insert into Customers (Customer_id, First_name, Last_name, Faculty, Limit) values (52, 'Lucky', 'Woodfine', 'Teacher', 17);
insert into Customers (Customer_id, First_name, Last_name, Faculty, Limit) values (53, 'Demetris', 'Spragg', 'Canteen Staff', 17);
insert into Customers (Customer_id, First_name, Last_name, Faculty, Limit) values (54, 'Emyle', 'Victory', 'Canteen Staff', 3);
insert into Customers (Customer_id, First_name, Last_name, Faculty, Limit) values (55, 'Eleni', 'Giacomini', 'Student', 5);
insert into Customers (Customer_id, First_name, Last_name, Faculty, Limit) values (56, 'Conrade', 'Djokic', 'Student', 2);
insert into Customers (Customer_id, First_name, Last_name, Faculty, Limit) values (57, 'Sean', 'Lippiatt', 'Teacher', 20);
insert into Customers (Customer_id, First_name, Last_name, Faculty, Limit) values (58, 'Kevyn', 'Gascoine', 'Canteen Staff', 3);
insert into Customers (Customer_id, First_name, Last_name, Faculty, Limit) values (59, 'Inga', 'Arnhold', 'Janitor', 14);
insert into Customers (Customer_id, First_name, Last_name, Faculty, Limit) values (60, 'Pammie', 'Warmington', 'Student', 19);
insert into Customers (Customer_id, First_name, Last_name, Faculty, Limit) values (61, 'Selie', 'Pouck', 'Teacher', 9);
insert into Customers (Customer_id, First_name, Last_name, Faculty, Limit) values (62, 'Wayne', 'Syvret', 'Teacher', 8);
insert into Customers (Customer_id, First_name, Last_name, Faculty, Limit) values (63, 'Gail', 'Braams', 'Janitor', 12);
insert into Customers (Customer_id, First_name, Last_name, Faculty, Limit) values (64, 'Glyn', 'Coveley', 'Canteen Staff', 15);
insert into Customers (Customer_id, First_name, Last_name, Faculty, Limit) values (65, 'Cassaundra', 'Peatheyjohns', 'Janitor', 5);
insert into Customers (Customer_id, First_name, Last_name, Faculty, Limit) values (66, 'Cecelia', 'Romei', 'Canteen Staff', 12);
insert into Customers (Customer_id, First_name, Last_name, Faculty, Limit) values (67, 'Audra', 'Gillott', 'Teacher', 5);
insert into Customers (Customer_id, First_name, Last_name, Faculty, Limit) values (68, 'Marthe', 'Greenside', 'Canteen Staff', 12);
insert into Customers (Customer_id, First_name, Last_name, Faculty, Limit) values (69, 'Clarette', 'Riddett', 'Teacher', 7);
insert into Customers (Customer_id, First_name, Last_name, Faculty, Limit) values (70, 'Flint', 'Wyld', 'Teacher', 19);
insert into Customers (Customer_id, First_name, Last_name, Faculty, Limit) values (71, 'Margaux', 'De Miranda', 'Teacher', 10);
insert into Customers (Customer_id, First_name, Last_name, Faculty, Limit) values (72, 'Con', 'Pietsma', 'Janitor', 11);
insert into Customers (Customer_id, First_name, Last_name, Faculty, Limit) values (73, 'Royall', 'Mc Meekan', 'Teacher', 9);
insert into Customers (Customer_id, First_name, Last_name, Faculty, Limit) values (74, 'Pearla', 'Christopher', 'Teacher', 4);
insert into Customers (Customer_id, First_name, Last_name, Faculty, Limit) values (75, 'Ase', 'Crawford', 'Canteen Staff', 15);
insert into Customers (Customer_id, First_name, Last_name, Faculty, Limit) values (76, 'Stanfield', 'Valder', 'Janitor', 8);
insert into Customers (Customer_id, First_name, Last_name, Faculty, Limit) values (77, 'Jessi', 'Stonuary', 'Teacher', 1);
insert into Customers (Customer_id, First_name, Last_name, Faculty, Limit) values (78, 'Boycey', 'Corben', 'Student', 7);
insert into Customers (Customer_id, First_name, Last_name, Faculty, Limit) values (79, 'Darby', 'Proven', 'Teacher', 8);
insert into Customers (Customer_id, First_name, Last_name, Faculty, Limit) values (80, 'Trula', 'Skyppe', 'Janitor', 2);
insert into Customers (Customer_id, First_name, Last_name, Faculty, Limit) values (81, 'Aurora', 'Baiyle', 'Student', 3);
insert into Customers (Customer_id, First_name, Last_name, Faculty, Limit) values (82, 'Stormie', 'Arrighetti', 'Janitor', 1);
insert into Customers (Customer_id, First_name, Last_name, Faculty, Limit) values (83, 'Reinwald', 'Heineking', 'Janitor', 13);
insert into Customers (Customer_id, First_name, Last_name, Faculty, Limit) values (84, 'Honoria', 'Scolts', 'Teacher', 17);
insert into Customers (Customer_id, First_name, Last_name, Faculty, Limit) values (85, 'Robin', 'Banham', 'Canteen Staff', 12);
insert into Customers (Customer_id, First_name, Last_name, Faculty, Limit) values (86, 'Atalanta', 'Doylend', 'Student', 2);
insert into Customers (Customer_id, First_name, Last_name, Faculty, Limit) values (87, 'Xerxes', 'Fishleigh', 'Student', 19);
insert into Customers (Customer_id, First_name, Last_name, Faculty, Limit) values (88, 'Hulda', 'Trevear', 'Janitor', 14);
insert into Customers (Customer_id, First_name, Last_name, Faculty, Limit) values (89, 'Benedetta', 'Leverich', 'Canteen Staff', 9);
insert into Customers (Customer_id, First_name, Last_name, Faculty, Limit) values (90, 'Wilfrid', 'Van Ross', 'Canteen Staff', 12);
insert into Customers (Customer_id, First_name, Last_name, Faculty, Limit) values (91, 'Allsun', 'Haspineall', 'Student', 12);
insert into Customers (Customer_id, First_name, Last_name, Faculty, Limit) values (92, 'Paloma', 'Hayth', 'Janitor', 2);
insert into Customers (Customer_id, First_name, Last_name, Faculty, Limit) values (93, 'Gradeigh', 'Morales', 'Canteen Staff', 11);
insert into Customers (Customer_id, First_name, Last_name, Faculty, Limit) values (94, 'Justinn', 'Petras', 'Student', 16);
insert into Customers (Customer_id, First_name, Last_name, Faculty, Limit) values (95, 'Adela', 'Reddan', 'Janitor', 12);
insert into Customers (Customer_id, First_name, Last_name, Faculty, Limit) values (96, 'Lotta', 'Tebbut', 'Canteen Staff', 18);
insert into Customers (Customer_id, First_name, Last_name, Faculty, Limit) values (97, 'Birgit', 'Buff', 'Canteen Staff', 17);
insert into Customers (Customer_id, First_name, Last_name, Faculty, Limit) values (98, 'Fredek', 'Ferrarotti', 'Teacher', 9);
insert into Customers (Customer_id, First_name, Last_name, Faculty, Limit) values (99, 'Darrell', 'Walrond', 'Student', 8);
insert into Customers (Customer_id, First_name, Last_name, Faculty, Limit) values (100, 'Evita', 'Buffham', 'Student', 1);
insert into Customers (Customer_id, First_name, Last_name, Faculty, Limit) values (101, 'Eben', 'Burghill', 'Janitor', 2);
insert into Customers (Customer_id, First_name, Last_name, Faculty, Limit) values (102, 'Phil', 'Croke', 'Student', 20);
insert into Customers (Customer_id, First_name, Last_name, Faculty, Limit) values (103, 'Lisette', 'Sallery', 'Student', 15);
insert into Customers (Customer_id, First_name, Last_name, Faculty, Limit) values (104, 'Iolanthe', 'Marzelo', 'Student', 14);
insert into Customers (Customer_id, First_name, Last_name, Faculty, Limit) values (105, 'Enoch', 'Dunn', 'Student', 4);
insert into Customers (Customer_id, First_name, Last_name, Faculty, Limit) values (106, 'Fawn', 'Eccleshall', 'Canteen Staff', 1);
insert into Customers (Customer_id, First_name, Last_name, Faculty, Limit) values (107, 'Prudy', 'Mc Corley', 'Teacher', 13);
insert into Customers (Customer_id, First_name, Last_name, Faculty, Limit) values (108, 'Pennie', 'Benko', 'Teacher', 8);
insert into Customers (Customer_id, First_name, Last_name, Faculty, Limit) values (109, 'Brittaney', 'Bangle', 'Canteen Staff', 4);
insert into Customers (Customer_id, First_name, Last_name, Faculty, Limit) values (110, 'Rowland', 'MacCambridge', 'Canteen Staff', 20);
insert into Customers (Customer_id, First_name, Last_name, Faculty, Limit) values (111, 'Jeniffer', 'Macura', 'Teacher', 7);
insert into Customers (Customer_id, First_name, Last_name, Faculty, Limit) values (112, 'Raoul', 'Chrystie', 'Teacher', 4);
insert into Customers (Customer_id, First_name, Last_name, Faculty, Limit) values (113, 'Aldin', 'Vila', 'Canteen Staff', 17);
insert into Customers (Customer_id, First_name, Last_name, Faculty, Limit) values (114, 'Charlean', 'Nacey', 'Student', 14);
insert into Customers (Customer_id, First_name, Last_name, Faculty, Limit) values (115, 'Adolphus', 'McDougle', 'Canteen Staff', 12);
insert into Customers (Customer_id, First_name, Last_name, Faculty, Limit) values (116, 'Keslie', 'Temporal', 'Janitor', 13);
insert into Customers (Customer_id, First_name, Last_name, Faculty, Limit) values (117, 'Domingo', 'Langthorne', 'Canteen Staff', 5);
insert into Customers (Customer_id, First_name, Last_name, Faculty, Limit) values (118, 'Aubrie', 'Shulver', 'Student', 3);
insert into Customers (Customer_id, First_name, Last_name, Faculty, Limit) values (119, 'Tonnie', 'Cleeves', 'Canteen Staff', 10);
insert into Customers (Customer_id, First_name, Last_name, Faculty, Limit) values (120, 'Effie', 'Ridges', 'Canteen Staff', 18);
insert into Customers (Customer_id, First_name, Last_name, Faculty, Limit) values (121, 'Wileen', 'Driutti', 'Janitor', 16);
insert into Customers (Customer_id, First_name, Last_name, Faculty, Limit) values (122, 'Frederico', 'Gocher', 'Janitor', 17);
insert into Customers (Customer_id, First_name, Last_name, Faculty, Limit) values (123, 'Clark', 'Watsam', 'Student', 17);
insert into Customers (Customer_id, First_name, Last_name, Faculty, Limit) values (124, 'Aretha', 'Laban', 'Student', 3);
insert into Customers (Customer_id, First_name, Last_name, Faculty, Limit) values (125, 'Doralin', 'Feechan', 'Janitor', 5);
insert into Customers (Customer_id, First_name, Last_name, Faculty, Limit) values (126, 'Teodorico', 'Cahalan', 'Canteen Staff', 8);
insert into Customers (Customer_id, First_name, Last_name, Faculty, Limit) values (127, 'Shae', 'Navan', 'Canteen Staff', 2);
insert into Customers (Customer_id, First_name, Last_name, Faculty, Limit) values (128, 'Sly', 'Eccleston', 'Canteen Staff', 12);
insert into Customers (Customer_id, First_name, Last_name, Faculty, Limit) values (129, 'Kimbra', 'Cromley', 'Canteen Staff', 17);
insert into Customers (Customer_id, First_name, Last_name, Faculty, Limit) values (130, 'Hollyanne', 'Pelzer', 'Student', 19);
insert into Customers (Customer_id, First_name, Last_name, Faculty, Limit) values (131, 'Koo', 'Avieson', 'Canteen Staff', 17);
insert into Customers (Customer_id, First_name, Last_name, Faculty, Limit) values (132, 'Natalina', 'Golt', 'Teacher', 9);
insert into Customers (Customer_id, First_name, Last_name, Faculty, Limit) values (133, 'Hector', 'Goatman', 'Canteen Staff', 8);
insert into Customers (Customer_id, First_name, Last_name, Faculty, Limit) values (134, 'Simone', 'Wraith', 'Student', 20);
insert into Customers (Customer_id, First_name, Last_name, Faculty, Limit) values (135, 'Oriana', 'Dallan', 'Canteen Staff', 4);
insert into Customers (Customer_id, First_name, Last_name, Faculty, Limit) values (136, 'Gaspar', 'Dmtrovic', 'Teacher', 14);

insert into Book (Book_id, Title, Category, Copies, Publication_year) values (1, 'Straight Time', 'Crime|Drama', 14, 2009);
insert into Book (Book_id, Title, Category, Copies, Publication_year) values (2, 'International House', 'Comedy', 23, 2007);
insert into Book (Book_id, Title, Category, Copies, Publication_year) values (3, 'Halloween II', 'Horror|Thriller', 9, 2007);
insert into Book (Book_id, Title, Category, Copies, Publication_year) values (4, 'Yobi, The Five-Tailed Fox', 'Animation|Fantasy', 9, 2004);
insert into Book (Book_id, Title, Category, Copies, Publication_year) values (5, 'Somewhere in the Night', 'Crime|Drama|Film-Noir', 25, 1992);
insert into Book (Book_id, Title, Category, Copies, Publication_year) values (6, 'Thing from Another World, The', 'Horror|Sci-Fi', 43, 2010);
insert into Book (Book_id, Title, Category, Copies, Publication_year) values (7, 'Business, The', 'Action|Comedy|Crime|Drama|Thriller', 36, 1992);
insert into Book (Book_id, Title, Category, Copies, Publication_year) values (8, 'All American Orgy (Cummings Farm)', 'Comedy', 7, 1998);
insert into Book (Book_id, Title, Category, Copies, Publication_year) values (9, 'Smart Money', 'Crime|Drama', 41, 2006);
insert into Book (Book_id, Title, Category, Copies, Publication_year) values (10, 'Eddie Murphy Raw', 'Comedy|Documentary', 25, 2008);
insert into Book (Book_id, Title, Category, Copies, Publication_year) values (11, 'In Love and War', 'Romance|War', 11, 1997);
insert into Book (Book_id, Title, Category, Copies, Publication_year) values (12, 'Homevideo', 'Drama', 23, 2002);
insert into Book (Book_id, Title, Category, Copies, Publication_year) values (13, 'Psyhi vathia (a.k.a. Deep Soul)', 'Drama|War', 2, 2003);
insert into Book (Book_id, Title, Category, Copies, Publication_year) values (14, 'Golden Age, The (Âge d''Or, L'')', 'Comedy|Drama|Romance', 49, 1995);
insert into Book (Book_id, Title, Category, Copies, Publication_year) values (15, 'The Police Can''t Move', 'Crime', 50, 2011);
insert into Book (Book_id, Title, Category, Copies, Publication_year) values (16, 'Silmido', 'Action|Drama|War', 4, 2008);
insert into Book (Book_id, Title, Category, Copies, Publication_year) values (17, 'Along Came Jones', 'Comedy|Romance|Western', 43, 1992);
insert into Book (Book_id, Title, Category, Copies, Publication_year) values (18, 'Prayer for the Dying, A', 'Action|Drama', 15, 2001);
insert into Book (Book_id, Title, Category, Copies, Publication_year) values (19, 'The Boys', 'Crime|Drama', 17, 1996);
insert into Book (Book_id, Title, Category, Copies, Publication_year) values (20, 'Wages of Fear, The (Salaire de la peur, Le)', 'Action|Adventure|Drama|Thriller', 26, 1992);
insert into Book (Book_id, Title, Category, Copies, Publication_year) values (21, 'What? (Che?)', 'Comedy', 30, 1994);
insert into Book (Book_id, Title, Category, Copies, Publication_year) values (22, 'Podwórka', 'Documentary', 31, 2011);
insert into Book (Book_id, Title, Category, Copies, Publication_year) values (23, 'Long Weekend, The', 'Comedy', 7, 2005);
insert into Book (Book_id, Title, Category, Copies, Publication_year) values (24, 'Strike Up the Band', 'Comedy|Musical|Romance', 27, 2010);
insert into Book (Book_id, Title, Category, Copies, Publication_year) values (25, 'Phantom of the Paradise', 'Comedy|Fantasy|Horror|Musical|Thriller', 26, 1992);
insert into Book (Book_id, Title, Category, Copies, Publication_year) values (26, 'Like Someone In Love', 'Drama', 6, 2000);
insert into Book (Book_id, Title, Category, Copies, Publication_year) values (27, 'Waste Land', 'Documentary', 30, 2000);
insert into Book (Book_id, Title, Category, Copies, Publication_year) values (28, 'Task, The', 'Horror', 18, 1979);
insert into Book (Book_id, Title, Category, Copies, Publication_year) values (29, 'Our Little Differences (Die feinen Unterschiede)', 'Drama', 45, 2009);
insert into Book (Book_id, Title, Category, Copies, Publication_year) values (30, 'Thanksgiving Family Reunion (National Lampoon''s Holiday Reunion)', 'Comedy', 34, 2010);
insert into Book (Book_id, Title, Category, Copies, Publication_year) values (31, 'Asterix and the Gauls (Astérix le Gaulois)', 'Action|Adventure|Animation|Children|Comedy', 28, 1985);
insert into Book (Book_id, Title, Category, Copies, Publication_year) values (32, 'Among Us (Onder Ons)', 'Drama', 52, 1993);
insert into Book (Book_id, Title, Category, Copies, Publication_year) values (33, 'The Emperor''s Club', 'Drama', 20, 2002);
insert into Book (Book_id, Title, Category, Copies, Publication_year) values (34, 'Lonely Villa, The', 'Crime|Drama', 38, 1993);
insert into Book (Book_id, Title, Category, Copies, Publication_year) values (35, 'Lodger, The', 'Crime|Horror|Mystery|Thriller', 29, 2005);
insert into Book (Book_id, Title, Category, Copies, Publication_year) values (36, 'Vampire Lovers, The', 'Horror', 46, 2007);
insert into Book (Book_id, Title, Category, Copies, Publication_year) values (37, 'Tigrero: A Film That Was Never Made', 'Documentary|Drama', 38, 2007);
insert into Book (Book_id, Title, Category, Copies, Publication_year) values (38, 'Young Aphrodites (Mikres Afrodites)', 'Drama|Romance', 41, 1993);
insert into Book (Book_id, Title, Category, Copies, Publication_year) values (39, 'All the Invisible Children', 'Drama', 38, 1990);
insert into Book (Book_id, Title, Category, Copies, Publication_year) values (40, 'Swamp Thing', 'Horror|Sci-Fi', 12, 2004);
insert into Book (Book_id, Title, Category, Copies, Publication_year) values (41, 'Fearless Freaks, The', 'Documentary|Musical', 16, 1989);
insert into Book (Book_id, Title, Category, Copies, Publication_year) values (42, 'Hen, his wife', '(no genres listed)', 21, 2010);
insert into Book (Book_id, Title, Category, Copies, Publication_year) values (43, 'Little Lord Fauntleroy', 'Children|Drama|Romance', 37, 2006);
insert into Book (Book_id, Title, Category, Copies, Publication_year) values (44, 'Bed of Roses', 'Drama|Romance', 38, 2011);
insert into Book (Book_id, Title, Category, Copies, Publication_year) values (45, 'Venus Wars (Venus Senki)', 'Action|Animation|Sci-Fi|War', 50, 2006);
insert into Book (Book_id, Title, Category, Copies, Publication_year) values (46, 'Delirious', 'Comedy', 28, 2011);
insert into Book (Book_id, Title, Category, Copies, Publication_year) values (47, 'Gods and Generals', 'Action|Drama|War', 41, 1994);
insert into Book (Book_id, Title, Category, Copies, Publication_year) values (48, 'Dark, The', 'Horror|Mystery|Thriller', 34, 2012);
insert into Book (Book_id, Title, Category, Copies, Publication_year) values (49, 'Chemical Brothers: Don''t Think, The', 'Musical', 16, 2006);
insert into Book (Book_id, Title, Category, Copies, Publication_year) values (50, 'Les modèles de ''Pickpocket''', 'Documentary', 52, 2003);
insert into Book (Book_id, Title, Category, Copies, Publication_year) values (51, 'Blood of Redemption', 'Action|Crime|Drama|Thriller', 4, 2001);
insert into Book (Book_id, Title, Category, Copies, Publication_year) values (52, 'All is Bright', 'Comedy|Drama', 34, 1996);
insert into Book (Book_id, Title, Category, Copies, Publication_year) values (53, 'Newton Boys, The', 'Crime|Drama', 41, 2004);
insert into Book (Book_id, Title, Category, Copies, Publication_year) values (54, 'Planet Hulk', 'Animation|Sci-Fi', 4, 2010);
insert into Book (Book_id, Title, Category, Copies, Publication_year) values (55, '2001 Maniacs', 'Comedy|Horror', 37, 1993);
insert into Book (Book_id, Title, Category, Copies, Publication_year) values (56, 'Merrill''s Marauders', 'Adventure|Drama|War', 32, 1993);
insert into Book (Book_id, Title, Category, Copies, Publication_year) values (57, 'Rocks (Rad, Das)', 'Action|Animation|Fantasy', 27, 1992);                                                                       
 
   
INSERT INTO CustomerBook (Custbook_id,Duration,Issue_date,Customer_id,Book_id)
VALUES
  (1,22,'6/15/2023',36,57),
  (2,9,'11/10/2022',94,24),
  (3,25,'11/18/2021',63,33),
  (4,23,'4/19/2021',120,41),
  (5,21,'8/4/2022',44,46),
  (6,23,'9/1/2023',41,20),
  (7,16,'1/4/2022',130,2),
  (8,10,'5/4/2021',92,33),
  (9,3,'7/8/2021',66,49),
  (10,20,'6/22/2022',30,57),
  (11,1,'2/5/2023',45,51),
  (12,15,'9/29/2023',60,9),
  (13,26,'9/14/2021',110,56),
  (14,7,'1/21/2023',46,4),
  (15,8,'3/26/2023',7,2),
  (16,1,'12/6/2021',90,8),
  (17,7,'7/13/2023',55,24),
  (18,26,'8/20/2022',24,44),
  (19,14,'3/31/2021',103,18),
  (20,13,'8/19/2023',127,12),
  (21,27,'7/23/2022',56,36),
  (22,4,'12/3/2020',44,5),
  (23,30,'7/24/2021',30,2),
  (24,6,'2/7/2021',133,5),
  (25,7,'6/17/2021',14,3),
  (26,2,'4/22/2021',32,21),
  (27,22,'6/14/2023',93,51),
  (28,30,'4/19/2021',114,10),
  (29,28,'7/4/2022',111,39),
  (30,10,'10/23/2023',65,57),
  (31,17,'12/22/2021',104,1),
  (32,23,'12/15/2022',98,13),
  (33,18,'8/20/2022',94,24),
  (34,12,'3/4/2022',136,15);
   
INSERT INTO Fine (Fine_id,Fine_amount,Book_id,Customer_id)
VALUES
  (1,'$40.97',44,119),
  (2,'$6.86',37,85),
  (3,'$47.46',33,36),
  (4,'$22.30',14,58),
  (5,'$33.83',51,123),
  (6,'$27.85',43,118),
  (7,'$33.54',53,7),
  (8,'$3.49',2,22),
  (9,'$6.83',35,38),
  (10,'$42.77',8,27),
  (11,'$42.56',12,90),
  (12,'$42.52',17,83),
  (13,'$22.29',25,37),
  (14,'$4.27',31,67),
  (15,'$22.91',56,101),
  (16,'$25.97',34,17),
  (17,'$13.83',11,9),
  (18,'$31.32',48,25),
  (19,'$27.16',6,63),
  (20,'$19.01',16,39),
  (21,'$40.53',50,124),
  (22,'$37.32',9,133),
  (23,'$25.61',44,134);   
   
   
insert into Author (Author_id, First_name, Last_name) values (1, 'Bax', 'Cotte');
insert into Author (Author_id, First_name, Last_name) values (2, 'Fredra', 'Klimpt');
insert into Author (Author_id, First_name, Last_name) values (3, 'Annamaria', 'Ebbetts');
insert into Author (Author_id, First_name, Last_name) values (4, 'Jonas', 'Wesker');
insert into Author (Author_id, First_name, Last_name) values (5, 'Chlo', 'Skitch');
insert into Author (Author_id, First_name, Last_name) values (6, 'Ignaz', 'Deeth');
insert into Author (Author_id, First_name, Last_name) values (7, 'Yelena', 'Maclean');
insert into Author (Author_id, First_name, Last_name) values (8, 'Sidnee', 'Fallows');
insert into Author (Author_id, First_name, Last_name) values (9, 'Natty', 'O''Nolan');
insert into Author (Author_id, First_name, Last_name) values (10, 'Terrill', 'Hindrich');
insert into Author (Author_id, First_name, Last_name) values (11, 'Adel', 'Hacun');
insert into Author (Author_id, First_name, Last_name) values (12, 'Erik', 'Arrighini');
insert into Author (Author_id, First_name, Last_name) values (13, 'Xylina', 'Mack');
insert into Author (Author_id, First_name, Last_name) values (14, 'Isac', 'Halton');
insert into Author (Author_id, First_name, Last_name) values (15, 'Lisbeth', 'Kluger');
insert into Author (Author_id, First_name, Last_name) values (16, 'Odell', 'Manston');
insert into Author (Author_id, First_name, Last_name) values (17, 'Mariska', 'Sowley');
insert into Author (Author_id, First_name, Last_name) values (18, 'Danya', 'Wimes');
insert into Author (Author_id, First_name, Last_name) values (19, 'Friedrich', 'Houchin');
insert into Author (Author_id, First_name, Last_name) values (20, 'Darcee', 'Rosenfarb');
insert into Author (Author_id, First_name, Last_name) values (21, 'Norma', 'Duckitt');
insert into Author (Author_id, First_name, Last_name) values (22, 'Garfield', 'Matteoni');
insert into Author (Author_id, First_name, Last_name) values (23, 'Denney', 'Conahy');
insert into Author (Author_id, First_name, Last_name) values (24, 'Annabell', 'McLarty');
insert into Author (Author_id, First_name, Last_name) values (25, 'Mychal', 'Scoble');
insert into Author (Author_id, First_name, Last_name) values (26, 'Benedikt', 'Shatford');
insert into Author (Author_id, First_name, Last_name) values (27, 'Katha', 'Govinlock');
insert into Author (Author_id, First_name, Last_name) values (28, 'Wilbert', 'Courage');
insert into Author (Author_id, First_name, Last_name) values (29, 'Jaquith', 'Symmers');
insert into Author (Author_id, First_name, Last_name) values (30, 'Sharleen', 'Brader');
insert into Author (Author_id, First_name, Last_name) values (31, 'Teresa', 'Lear');
insert into Author (Author_id, First_name, Last_name) values (32, 'Quillan', 'Sygrove');
insert into Author (Author_id, First_name, Last_name) values (33, 'Frans', 'Liddiard');
insert into Author (Author_id, First_name, Last_name) values (34, 'Christa', 'Walicki');
insert into Author (Author_id, First_name, Last_name) values (35, 'Tammara', 'Minster');
insert into Author (Author_id, First_name, Last_name) values (36, 'Marci', 'Braunter');
insert into Author (Author_id, First_name, Last_name) values (37, 'Ardisj', 'Hryniewicki');
   
INSERT INTO Book_author (Author_id,Book_id)
VALUES
  (27,13),
  (10,55),
  (2,42),
  (25,49),
  (7,12),
  (23,38),
  (20,12),
  (22,13),
  (7,20),
  (4,42),
  (26,22),
  (22,24),
  (2,21),
  (21,38),
  (31,48),
  (8,34),
  (25,12),
  (30,46),
  (4,38),
  (17,47),
  (37,33),
  (19,17),
  (13,12),
  (26,2),
  (22,52),
  (28,13),
  (29,12),
  (26,31),
  (34,52),
  (24,14),
  (11,17),
  (37,46),
  (35,7),
  (31,21),
  (31,20),
  (21,48),
  (2,25),
  (1,47),
  (20,26),
  (10,9),
  (36,53),
  (13,57),
  (37,20),
  (20,56),
  (23,47),
  (29,9),
  (16,22),
  (18,31),
  (22,20),
  (37,45),
  (25,39),
  (25,44),
  (12,53),
  (20,12),
  (1,6),
  (8,41),
  (33,49);  
 
   
   
INSERT INTO Reservations (Res_id,Customer_id,Book_id,Status,Res_date)
VALUES
  (1,42,26,'true','12/7/2021'),
  (2,101,56,'true','11/9/2020'),
  (3,5,20,'false','4/30/2022'),
  (4,80,14,'false','10/30/2020'),
  (5,64,32,'false','9/13/2021'),
  (6,23,8,'false','7/29/2022'),
  (7,23,21,'true','1/12/2022'),
  (8,21,39,'true','10/9/2021'),
  (9,97,28,'true','10/3/2021'),
  (10,11,19,'false','4/12/2022'),
  (11,76,34,'false','10/23/2021'),
  (12,40,36,'false','4/23/2022'),
  (13,55,32,'true','3/7/2021'),
  (14,38,3,'false','11/7/2020'),
  (15,3,8,'true','3/1/2021'),
  (16,6,31,'false','3/10/2021'),
  (17,59,45,'true','11/10/2021');
